Episode,AverageReward_IQL
10,-44.271187499999975
20,-41.673843749999996
30,-17.987281250000027
40,-15.902656250000012
50,-12.230093749999986
60,-16.859906250000016
