Episode,AverageReward_DQN
1,-44.11062500000003
2,-46.07156250000002
